/*
21507117, BEURET Maëlle
21607805, LESINSKI Julien
-------------------------
Copier-coller ce fichier dans un terminal pour insérer toute la base de donnée (table, procédures, fonctions et triggers) ainsi qu'un jeu de données d'exemple.
*/

SET SQL_MODE = "NO_AUTO_VALUE_ON_ZERO";
SET time_zone = "+00:00";

/*!40101 SET @OLD_CHARACTER_SET_CLIENT=@@CHARACTER_SET_CLIENT */;
/*!40101 SET @OLD_CHARACTER_SET_RESULTS=@@CHARACTER_SET_RESULTS */;
/*!40101 SET @OLD_COLLATION_CONNECTION=@@COLLATION_CONNECTION */;
/*!40101 SET NAMES utf8mb4 */;

CREATE DATABASE IF NOT EXISTS `COROAD` DEFAULT CHARACTER SET latin1 COLLATE latin1_swedish_ci;
USE `COROAD`;

DELIMITER $$
CREATE PROCEDURE `BAN_USER` (IN `USERID` VARCHAR(254), IN `DAYNB` INTEGER)  BEGIN
    DECLARE BANID INTEGER;
    DECLARE BANTYPE VARCHAR(4) DEFAULT 'PERM';
    DECLARE BANEND DATE DEFAULT NULL;

    IF DAYNB != 0 THEN
      SET BANEND = NOW() + INTERVAL DAYNB DAY;
      SET BANTYPE = 'TEMP';
    END IF;

    DELETE FROM BAN
    WHERE ID =
      (SELECT BAN_ID
        FROM USER
        WHERE EMAIL=USERID);

    START TRANSACTION READ WRITE;
      INSERT INTO BAN(TYPE, BAN_END) VALUES (BANTYPE, BANEND);

      SELECT LAST_INSERT_ID(ID)
      INTO BANID
      FROM BAN
      ORDER BY LAST_INSERT_ID(ID) DESC
      LIMIT 1;

      UPDATE USER
      SET BAN_ID = BANID
      WHERE EMAIL = USERID;
    COMMIT;
  END$$

CREATE PROCEDURE `CANCELLATION_TRAVELS_IN` (IN `RIDE_ID` INTEGER, IN `USER_ID` VARCHAR(254))  BEGIN
    DECLARE UTYPE VARCHAR(10);
    DECLARE DONE INT DEFAULT FALSE;
    DECLARE USERID VARCHAR(254);
    DECLARE USERSURNAME VARCHAR(20);
    DECLARE USERNAME VARCHAR(20);
    DECLARE STARTCITY VARCHAR(20);
    DECLARE ARRIVALCITY VARCHAR(20);
    DECLARE RIDEDATE TIMESTAMP;
    DECLARE NOTIFID INTEGER;
    DECLARE MESSAGE VARCHAR(300);
    DECLARE CURPASSENGER CURSOR
      FOR
      SELECT TRAVELS_IN.USER_ID
      FROM TRAVELS_IN
      WHERE TRAVELS_IN.RIDE_ID = RIDE_ID
      AND TRAVELS_IN.TYPE='PASSENGER';


    DECLARE CONTINUE HANDLER FOR NOT FOUND SET DONE = TRUE;

    SELECT TYPE
    INTO UTYPE
    FROM TRAVELS_IN
    WHERE TRAVELS_IN.USER_ID = USER_ID
      AND TRAVELS_IN.RIDE_ID = RIDE_ID;

    SELECT NAME, START_DATE
    INTO STARTCITY, RIDEDATE
    FROM CITY, RIDE, TRAVELS_IN
    WHERE POST_CODE = START_CITY
      AND TRAVELS_IN.RIDE_ID = RIDE.ID
      AND TRAVELS_IN.RIDE_ID = RIDE_ID
    LIMIT 1;

    SELECT NAME
    INTO ARRIVALCITY
    FROM CITY, RIDE, TRAVELS_IN
    WHERE POST_CODE = ARRIVAL_CITY
      AND TRAVELS_IN.RIDE_ID = RIDE.ID
      AND TRAVELS_IN.RIDE_ID = RIDE_ID
    LIMIT 1;


    SELECT SURNAME, NAME
    INTO USERSURNAME, USERNAME
    FROM USER
    WHERE EMAIL = USER_ID;

    IF UTYPE='DRIVER' THEN

      SET MESSAGE = CONCAT(CAP_FIRST(USERNAME), ' ', CAP_FIRST(USERSURNAME), ' a annulé le trajet de ', CAP_FIRST(STARTCITY), ' à ', CAP_FIRST(ARRIVALCITY), ' du ', DAYNAME(RIDEDATE), ' ', DAY(RIDEDATE),' ', MONTHNAME(RIDEDATE),'.');

      CALL CREATE_NOTIF(MESSAGE, @ID);
      SELECT @ID INTO NOTIFID;


      OPEN CURPASSENGER;
      READ_LOOP: LOOP
        FETCH CURPASSENGER INTO USERID;

        IF DONE THEN
          LEAVE READ_LOOP;
        END IF;

        CALL SEND_NOTIF_TO(USERID, NOTIFID);

      END LOOP;
      CLOSE CURPASSENGER;


      DELETE FROM RIDE
      WHERE RIDE.ID = RIDE_ID;

    ELSE
      SELECT TRAVELS_IN.USER_ID
      INTO USERID
      FROM TRAVELS_IN
      WHERE TYPE = 'DRIVER'
        AND TRAVELS_IN.RIDE_ID = RIDE_ID;

      SET MESSAGE = CONCAT(CAP_FIRST(USERNAME), ' ', CAP_FIRST(USERSURNAME), ' a annulé sa réservation pour le trajet de ', CAP_FIRST(STARTCITY), ' à ', CAP_FIRST(ARRIVALCITY), ' du ', DAYNAME(RIDEDATE), ' ', DAY(RIDEDATE),' ', MONTHNAME(RIDEDATE),'.');

      CALL CREATE_NOTIF(MESSAGE, @ID);
      SELECT @ID INTO NOTIFID;

      CALL SEND_NOTIF_TO(USERID, NOTIFID);

      DELETE FROM TRAVELS_IN
      WHERE TRAVELS_IN.RIDE_ID = RIDE_ID
        AND TRAVELS_IN.USER_ID = USER_ID;
    END IF;

  END$$

CREATE PROCEDURE `CREATE_NOTIF` (IN `MESSAGE` VARCHAR(300), OUT `ID` INTEGER)  BEGIN
      INSERT INTO NOTIFICATION VALUES (NULL, MESSAGE);
      SELECT LAST_INSERT_ID(NOTIFICATION.ID)
      INTO ID
      FROM NOTIFICATION
      ORDER BY LAST_INSERT_ID(NOTIFICATION.ID) DESC
      LIMIT 1;
  END$$

CREATE PROCEDURE `GIVE_CONTACT_TO` (IN `USERID` VARCHAR(254), IN `RIDEID` INTEGER, IN `USER_TYPE` VARCHAR(10))  BEGIN
    DECLARE DRIVER_EMAIL VARCHAR(254);
    DECLARE DRIVER_PHONE NUMERIC(10);
    DECLARE NOTIF_ID INTEGER;
    DECLARE USER_NAME VARCHAR(20);
    DECLARE USER_SURNAME VARCHAR(20);
    DECLARE STARTCITY VARCHAR(50);
    DECLARE ARRIVALCITY VARCHAR(50);
    DECLARE STARTDATE TIMESTAMP;

    IF USER_TYPE!='DRIVER' THEN

      SELECT EMAIL, PHONE
      INTO DRIVER_EMAIL, DRIVER_PHONE
      FROM USER, TRAVELS_IN
      WHERE USER_ID = EMAIL
      AND RIDE_ID = RIDEID
      AND TYPE = 'DRIVER';

      CALL CREATE_NOTIF(CONCAT('Voici l\'email de votre conducteur : ', DRIVER_EMAIL, ' ; et son numéro de téléphone 0', DRIVER_PHONE), @ID);
      SELECT @ID INTO NOTIF_ID;
      CALL SEND_NOTIF_TO(USERID, NOTIF_ID);

      SELECT NAME, SURNAME
      INTO USER_NAME, USER_SURNAME
      FROM USER
      WHERE EMAIL = USERID;

      SELECT NAME, START_DATE
      INTO STARTCITY, STARTDATE
      FROM RIDE, CITY
      WHERE ID = RIDEID
      AND POST_CODE = START_CITY;

      SELECT NAME
      INTO ARRIVALCITY
      FROM RIDE, CITY
      WHERE ID = RIDEID
      AND POST_CODE = ARRIVAL_CITY;

      CALL CREATE_NOTIF(CONCAT(USER_NAME,' ',USER_SURNAME,' a réservé pour votre trajet de ',STARTCITY,' à ',ARRIVALCITY,' du ',DAY(STARTDATE),' ',DAYNAME(STARTDATE),' ',MONTHNAME(STARTDATE),'.'), @ID);
      SELECT @ID INTO NOTIF_ID;
      CALL SEND_NOTIF_TO(DRIVER_EMAIL, NOTIF_ID);
    END IF;
  END$$

CREATE PROCEDURE `GIVE_OPINION_ON` (IN `RIDEID` VARCHAR(254), IN `AUTHOR` VARCHAR(254), IN `USER_CONCERNED` VARCHAR(254), IN `COMMENT` VARCHAR(300), IN `STARS` NUMERIC(2))  BEGIN
    DECLARE USER_TYPE VARCHAR(10);
    DECLARE USER_EXISTS VARCHAR(254) DEFAULT NULL;
    DECLARE NOTIF_ID INTEGER;
    DECLARE AUTHOR_NAME VARCHAR(20);
    DECLARE AUTHOR_SURNAME VARCHAR(20);


    IF (SELECT ID FROM RIDE WHERE ID=RIDEID) IS NULL THEN
      SIGNAL SQLSTATE '45000' SET MESSAGE_TEXT = 'THIS RIDE DO NOT EXIST ANYMORE !';
    END IF;


    SELECT TYPE
    INTO USER_TYPE
    FROM TRAVELS_IN
    WHERE TRAVELS_IN.RIDE_ID = RIDEID
    AND USER_ID = AUTHOR;

    SELECT USER_TYPE;


    INSERT INTO OPINION
    VALUES (NULL, STARS, COMMENT, AUTHOR, USER_CONCERNED, USER_TYPE, RIDEID);


    SELECT NAME, SURNAME
    INTO AUTHOR_NAME, AUTHOR_SURNAME
    FROM USER
    WHERE EMAIL = AUTHOR;
    CALL CREATE_NOTIF(CONCAT('Vous avez reçu <a href="profile.php">un nouvel avis de ', AUTHOR_NAME, ' ', AUTHOR_SURNAME, '</a>.'), NOTIF_ID);

    CALL SEND_NOTIF_TO(USER_CONCERNED, NOTIF_ID);

  END$$

CREATE PROCEDURE `NOTIFY_ALL` (IN `MESSAGE` VARCHAR(300))  BEGIN
    DECLARE DONE INT DEFAULT FALSE;
    DECLARE USERID VARCHAR(254);
    DECLARE NOTIFID INTEGER;
    DECLARE CUR CURSOR FOR SELECT EMAIL FROM USER;
    DECLARE CONTINUE HANDLER FOR NOT FOUND SET DONE = TRUE;

    CALL CREATE_NOTIF(MESSAGE, @ID);
    SELECT @ID INTO NOTIFID;

    OPEN CUR;
READ_LOOP: LOOP
      FETCH CUR INTO USERID;

      IF DONE THEN
        LEAVE READ_LOOP;
      END IF;

      CALL SEND_NOTIF_TO(USERID, NOTIFID);
    END LOOP;

    CLOSE CUR;

  END$$

CREATE PROCEDURE `NOTIF_AUTO_DELETION` (IN `NOTIFID` INTEGER)  BEGIN
    DECLARE ADDRESSEE_NB  INTEGER;

    SELECT COUNT(*)
    INTO ADDRESSEE_NB
    FROM NOTIF_ADDRESSEE
    WHERE NOTIF_ID = NOTIFID;

    IF ADDRESSEE_NB=0 THEN
      DELETE FROM NOTIFICATION
      WHERE ID = NOTIFID;
    END IF;
  END$$

CREATE PROCEDURE `OPINION_VERIF` (IN `CONCERNED` VARCHAR(254), IN `OPINION_STARS` NUMERIC(2))  BEGIN
    DECLARE USER_STARS  NUMERIC(2) DEFAULT NULL;
    DECLARE USER_EXISTS VARCHAR(254) DEFAULT NULL;

    IF OPINION_STARS < 5 THEN

      SELECT AVG(STARS)
      INTO USER_STARS
      FROM OPINION
      WHERE USER_ID = CONCERNED
      GROUP BY USER_ID
      HAVING COUNT(*) >= 5;

      SELECT EMAIL
      INTO USER_EXISTS
      FROM NEGATIVE_USER, USER
      WHERE USER_ID = CONCERNED
      AND USER_ID = EMAIL;

      IF USER_EXISTS IS NULL
        AND USER_STARS IS NOT NULL
        AND USER_STARS < 5 THEN

        INSERT INTO NEGATIVE_USER VALUES (CONCERNED);

      END IF;
    END IF;
  END$$

CREATE PROCEDURE `RIDE_AUTO_DELETION` (IN `RIDEID` INTEGER)  BEGIN
    DECLARE PEOPLENB INTEGER;
    DECLARE OPINIONNB INTEGER;
    DECLARE TOO_OLD BOOLEAN;


    SELECT COUNT(*)
    INTO PEOPLENB
    FROM TRAVELS_IN
    WHERE RIDE_ID = RIDEID;


    SELECT COUNT(*)
    INTO OPINIONNB
    FROM OPINION
    WHERE RIDE_ID = RIDEID;


    SELECT HOUR(TIMEDIFF(NOW(), ARRIVAL_DATE))/24 > 14
    INTO TOO_OLD
    FROM RIDE
    WHERE ID = RIDEID;

    IF (PEOPLENB = 0 OR 2*(PEOPLENB-1) = OPINIONNB) OR TOO_OLD THEN
      DELETE FROM RIDE
      WHERE ID = RIDEID;

      UPDATE MODELRIDE SET FREQUENCY = FREQUENCY + 1
      WHERE START =
        (SELECT START_CITY
          FROM RIDE
          WHERE ID = RIDEID)
      AND ARRIVAL =
        (SELECT ARRIVAL_CITY
          FROM RIDE
          WHERE ID = RIDEID);
    END IF;
  END$$

CREATE PROCEDURE `RIDE_AUTO_DELETION_ALL` ()  BEGIN
    DECLARE ID INTEGER;
    DECLARE DONE INT DEFAULT FALSE;
    DECLARE CUR CURSOR FOR SELECT ID FROM RIDE;
    DECLARE CONTINUE HANDLER FOR NOT FOUND SET DONE = TRUE;

    OPEN CUR;
READ_LOOP: LOOP
      FETCH CUR INTO ID;

      IF DONE THEN
        LEAVE READ_LOOP;
      END IF;

      CALL RIDE_AUTO_DELETION(ID);
    END LOOP;

    CLOSE CUR;

  END$$

CREATE PROCEDURE `RIDE_RESERVATION_VERIF` (IN `USERID` VARCHAR(254), IN `RIDEID` INTEGER)  BEGIN
    DECLARE STARTDATE TIMESTAMP;
    DECLARE ARRIVALDATE TIMESTAMP;
    DECLARE RESA_START TIMESTAMP;
    DECLARE RESA_ARRIVAL TIMESTAMP;
    DECLARE DONE BOOLEAN DEFAULT FALSE;

    DECLARE RIDE_CURSOR CURSOR
      FOR
      SELECT START_DATE, ARRIVAL_DATE
      FROM RIDE, TRAVELS_IN
      WHERE RIDE.ID = TRAVELS_IN.RIDE_ID
      AND TRAVELS_IN.USER_ID = USERID;

    DECLARE CONTINUE HANDLER FOR NOT FOUND SET DONE = TRUE;

    SELECT START_DATE, ARRIVAL_DATE
    INTO RESA_START, RESA_ARRIVAL
    FROM RIDE
    WHERE ID = RIDEID;

    OPEN RIDE_CURSOR;
    READ_LOOP: LOOP
      FETCH RIDE_CURSOR
      INTO STARTDATE, ARRIVALDATE;
      IF NOT(ARRIVALDATE < RESA_START OR RESA_ARRIVAL < STARTDATE) THEN
        SIGNAL SQLSTATE '45002'
        SET MESSAGE_TEXT = 'THIS RESERVATION IS CONFLICTING WITH ANOTHER RIDE. IT WILL BE ABORTED.';
      END IF;

      IF DONE THEN
        LEAVE READ_LOOP;
      END IF;

    END LOOP;
    CLOSE RIDE_CURSOR;

  END$$

CREATE PROCEDURE `SEAT_MANAGER` (IN `SEATASKED` INTEGER, IN `RIDEID` INTEGER, IN `USERID` VARCHAR(254), IN `USERTYPE` VARCHAR(10))  BEGIN
    DECLARE AVAILABLE_SEAT INTEGER;

    IF USERTYPE='PASSENGER' THEN
      SELECT SEAT_NB
      INTO AVAILABLE_SEAT
      FROM RIDE
      WHERE ID = RIDEID;

      IF SEATASKED > AVAILABLE_SEAT THEN
        SIGNAL SQLSTATE '45000' SET MESSAGE_TEXT = 'YOU ASK TOO MANY SEAT FOR THIS RIDE';
      ELSE
        UPDATE RIDE
        SET SEAT_NB = SEAT_NB - SEATASKED
        WHERE ID = RIDEID;
      END IF;
    END IF;
  END$$

CREATE PROCEDURE `SEND_NOTIF_TO` (IN `ADDRESSEE` VARCHAR(254), IN `NOTIF_ID` INTEGER)  BEGIN
    INSERT INTO NOTIF_ADDRESSEE VALUES (ADDRESSEE, NOTIF_ID);
  END$$

CREATE FUNCTION `AGE` (`USERID` VARCHAR(254)) RETURNS INT(11) BEGIN
DECLARE USERAGE INT;
  DECLARE USERBIRTHDATE DATE;

  SELECT BIRTHDATE
  INTO USERBIRTHDATE
  FROM USER
  WHERE EMAIL = USERID;

  SET USERAGE = YEAR(NOW()) - YEAR(USERBIRTHDATE);
  IF MONTH(USERBIRTHDATE) > MONTH(NOW()) OR
  (MONTH(USERBIRTHDATE) > MONTH(NOW()) AND
  DAY(USERBIRTHDATE) > DAY(NOW()))
  THEN
    SET USERAGE = USERAGE - 1;
  END IF;

RETURN USERAGE;
END$$

CREATE FUNCTION `CAP_FIRST` (`input` VARCHAR(255)) RETURNS VARCHAR(255) CHARSET latin1 BEGIN
DECLARE len INT;
DECLARE i INT;

SET len   = CHAR_LENGTH(input);
SET input = LOWER(input);
SET i = 0;

WHILE (i < len) DO
IF (MID(input,i,1) = ' ' OR i = 0) THEN
IF (i < len) THEN
SET input = CONCAT(
LEFT(input,i),
UPPER(MID(input,i + 1,1)),
RIGHT(input,len - i - 1)
);
END IF;
END IF;
SET i = i + 1;
END WHILE;

RETURN input;
END$$

CREATE FUNCTION `IS_BAN` (`USERID` VARCHAR(254)) RETURNS TINYINT(1) BEGIN
DECLARE BANID INTEGER;
DECLARE BANOVER BOOLEAN;
  DECLARE USERBIRTHDATE DATE;
DECLARE RETURNVALUE BOOLEAN DEFAULT FALSE;

  SELECT BAN_ID, NOW() >= BAN_END
INTO BANID, BANOVER
FROM USER, BAN
WHERE EMAIL = USERID
AND BAN_ID = ID;

IF BANOVER IS NOT NULL AND BANOVER THEN
DELETE FROM BAN
WHERE ID = BANID;
ELSEIF BANID IS NOT NULL THEN
SET RETURNVALUE = TRUE;
END IF;

RETURN RETURNVALUE;
END$$

CREATE FUNCTION `M_FORMAT` (`MINUTE` INTEGER) RETURNS VARCHAR(2) CHARSET latin1 BEGIN
DECLARE MINUTES VARCHAR(2);
  SELECT CAST(MINUTE AS CHAR)
  INTO MINUTES;
IF CHAR_LENGTH(MINUTES) = 1 THEN
SELECT CONCAT('0', MINUTES) INTO MINUTES;
END IF;

RETURN MINUTES;
END$$

DELIMITER ;

CREATE TABLE `BAN` (
  `ID` int(11) NOT NULL,
  `TYPE` varchar(4) NOT NULL,
  `BAN_END` date DEFAULT NULL
) ENGINE=InnoDB DEFAULT CHARSET=latin1;
DELIMITER $$
CREATE TRIGGER `BAN_I` BEFORE INSERT ON `BAN` FOR EACH ROW BEGIN

    IF NEW.TYPE NOT IN ('PERM', 'TEMP') THEN
      SIGNAL SQLSTATE '45000' SET MESSAGE_TEXT = 'BAN TYPE MUST BE \'TEMP\' OR \'PERM\'';
    END IF;
END
$$
DELIMITER ;
DELIMITER $$
CREATE TRIGGER `BAN_U` BEFORE UPDATE ON `BAN` FOR EACH ROW BEGIN

    IF NEW.TYPE NOT IN ('PERM', 'TEMP') THEN
      SIGNAL SQLSTATE '45000' SET MESSAGE_TEXT = 'BAN TYPE MUST BE \'TEMP\' OR \'PERM\'';
    END IF;
END
$$
DELIMITER ;

CREATE TABLE `CITY` (
  `POST_CODE` decimal(5,0) NOT NULL,
  `NAME` varchar(50) DEFAULT NULL
) ENGINE=InnoDB DEFAULT CHARSET=latin1;

INSERT INTO `CITY` (`POST_CODE`, `NAME`) VALUES
('11100', 'Narbonne'),
('13000', 'Marseille'),
('13200', 'Arles'),
('13270', 'Fos'),
('13990', 'Fontvieille'),
('30000', 'Nimes'),
('30100', 'Alès'),
('34000', 'Montpellier'),
('34500', 'Béziers'),
('83000', 'Toulon');

CREATE TABLE `MODELRIDE` (
  `START` decimal(5,0) NOT NULL,
  `ARRIVAL` decimal(5,0) NOT NULL,
  `DURATION` time DEFAULT NULL,
  `DISTANCE` int(11) DEFAULT NULL,
  `FREQUENCY` int(11) DEFAULT '0',
  `MAX_COST` decimal(5,3) DEFAULT NULL
) ENGINE=InnoDB DEFAULT CHARSET=latin1;

INSERT INTO `MODELRIDE` (`START`, `ARRIVAL`, `DURATION`, `DISTANCE`, `FREQUENCY`, `MAX_COST`) VALUES
('13000', '13200', NULL, NULL, 0, NULL),
('13200', '13000', NULL, NULL, 0, NULL),
('13270', '30000', '00:57:00', 71, 0, '10.100'),
('13270', '34000', '01:30:00', 120, 0, '12.000'),
('30100', '34000', NULL, NULL, 0, NULL),
('34000', '13270', '01:30:00', 120, 0, '12.000'),
('34000', '30100', NULL, NULL, 0, NULL),
('34000', '34500', NULL, NULL, 0, NULL),
('34500', '34000', NULL, NULL, 0, NULL);

CREATE TABLE `NEGATIVE_USER` (
  `USER_ID` varchar(254) NOT NULL
) ENGINE=InnoDB DEFAULT CHARSET=latin1;

INSERT INTO `NEGATIVE_USER` (`USER_ID`) VALUES
('felix@mail.com'),
('vincent@mail.com');

CREATE TABLE `NOTIFICATION` (
  `ID` int(11) NOT NULL,
  `CONTENT` varchar(400) DEFAULT NULL
) ENGINE=InnoDB DEFAULT CHARSET=latin1;

INSERT INTO `NOTIFICATION` (`ID`, `CONTENT`) VALUES
(1, 'Voici l\'email de votre conducteur : julie@mail.com ; et son numéro de téléphone 0666778899'),
(2, 'Amandine Paillard a réservé pour votre trajet de Montpellier à Bézier du 22 Friday December.');

CREATE TABLE `NOTIF_ADDRESSEE` (
  `USER_ID` varchar(254) NOT NULL,
  `NOTIF_ID` int(11) NOT NULL
) ENGINE=InnoDB DEFAULT CHARSET=latin1;

INSERT INTO `NOTIF_ADDRESSEE` (`USER_ID`, `NOTIF_ID`) VALUES
('amandine@mail.com', 1),
('julie@mail.com', 2);
DELIMITER $$
CREATE TRIGGER `NOTIF_ADDRESSEE_D` AFTER DELETE ON `NOTIF_ADDRESSEE` FOR EACH ROW BEGIN
    CALL NOTIF_AUTO_DELETION(OLD.NOTIF_ID);
  END
$$
DELIMITER ;

CREATE TABLE `OPINION` (
  `ID` int(11) NOT NULL,
  `STARS` decimal(2,0) DEFAULT NULL,
  `COMMENT` varchar(300) DEFAULT NULL,
  `AUTHOR` varchar(254) DEFAULT NULL,
  `USER_ID` varchar(254) DEFAULT NULL,
  `USER_TYPE` varchar(10) DEFAULT NULL,
  `RIDE_ID` int(11) DEFAULT NULL
) ENGINE=InnoDB DEFAULT CHARSET=latin1;

INSERT INTO `OPINION` (`ID`, `STARS`, `COMMENT`, `AUTHOR`, `USER_ID`, `USER_TYPE`, `RIDE_ID`) VALUES
(1, '7', 'Conductrice agréable ! Je recommande !', 'cynthia@mail.com', 'julie@mail.com', 'PASSENGER', NULL);
DELIMITER $$
CREATE TRIGGER `OPINION_I` BEFORE INSERT ON `OPINION` FOR EACH ROW BEGIN

    IF NEW.STARS NOT BETWEEN 1 AND 10 THEN
      SIGNAL SQLSTATE '45000' SET MESSAGE_TEXT = 'OPINION STARS MUST BE BETWEEN 1 AND 10';
    END IF;
    IF NEW.USER_TYPE NOT IN ('DRIVER', 'PASSENGER') THEN
      SIGNAL SQLSTATE '45000' SET MESSAGE_TEXT = 'OPINION USER TYPE MUST BE \'PASSENGER\' OR \'DRIVER\'';
    END IF;

    CALL OPINION_VERIF(NEW.USER_ID, NEW.STARS);
END
$$
DELIMITER ;
DELIMITER $$
CREATE TRIGGER `OPINION_I_A` AFTER INSERT ON `OPINION` FOR EACH ROW BEGIN
    CALL RIDE_AUTO_DELETION(NEW.RIDE_ID);
END
$$
DELIMITER ;
DELIMITER $$
CREATE TRIGGER `OPINION_U` BEFORE UPDATE ON `OPINION` FOR EACH ROW BEGIN

    IF NEW.STARS NOT BETWEEN 1 AND 10 THEN
      SIGNAL SQLSTATE '45000' SET MESSAGE_TEXT = 'OPINION STARS MUST BE BETWEEN 1 AND 10';
    END IF;
    IF NEW.USER_TYPE NOT IN ('DRIVER', 'PASSENGER') THEN
      SIGNAL SQLSTATE '45000' SET MESSAGE_TEXT = 'OPINION USER TYPE MUST BE \'PASSENGER\' OR \'DRIVER\'';
    END IF;
END
$$
DELIMITER ;

CREATE TABLE `RIDE` (
  `ID` int(11) NOT NULL,
  `START_DATE` timestamp NOT NULL DEFAULT CURRENT_TIMESTAMP,
  `ARRIVAL_DATE` timestamp NOT NULL DEFAULT CURRENT_TIMESTAMP,
  `PRICE` decimal(3,2) NOT NULL,
  `SEAT_NB` int(11) DEFAULT '1',
  `START_CITY` decimal(5,0) NOT NULL,
  `ARRIVAL_CITY` decimal(5,0) NOT NULL,
  `START_ADDRESS` varchar(200) DEFAULT NULL,
  `ARRIVAL_ADDRESS` varchar(200) DEFAULT NULL,
  `VEHICLE` int(11) NOT NULL
) ENGINE=InnoDB DEFAULT CHARSET=latin1;

INSERT INTO `RIDE` (`ID`, `START_DATE`, `ARRIVAL_DATE`, `PRICE`, `SEAT_NB`, `START_CITY`, `ARRIVAL_CITY`, `START_ADDRESS`, `ARRIVAL_ADDRESS`, `VEHICLE`) VALUES
(1, '2017-12-21 17:15:00', '2017-12-21 18:00:00', '6.00', 1, '13200', '13000', '', '', 1),
(2, '2017-12-22 19:00:00', '2017-12-22 19:50:00', '6.00', 1, '13000', '13200', '', '', 1),
(3, '2017-12-21 09:50:00', '2017-12-21 10:30:00', '5.00', 1, '34000', '30100', '', '', 2),
(4, '2017-12-24 14:30:00', '2017-12-24 15:15:00', '4.00', 2, '30100', '34000', '', '', 2),
(5, '2017-12-21 13:30:00', '2017-12-21 15:00:00', '8.00', 2, '34000', '13270', '', '', 3),
(6, '2017-12-24 19:15:00', '2017-12-24 20:45:00', '7.50', 2, '13270', '34000', '', '', 3),
(7, '2017-12-23 09:00:00', '2017-12-23 09:45:00', '5.00', 3, '13270', '30000', '', '', 3),
(8, '2017-12-22 19:00:00', '2017-12-22 19:55:00', '5.00', 1, '34000', '34500', '', '', 4),
(9, '2017-12-24 18:30:00', '2017-12-24 19:25:00', '6.00', 3, '34500', '34000', '', '', 4),
(10, '2017-12-25 14:10:00', '2017-12-25 15:05:00', '4.00', 3, '34000', '34500', '', '', 4),
(11, '2017-12-28 14:10:00', '2017-12-28 15:05:00', '4.00', 3, '34000', '34500', '', '', 4),
(12, '2017-12-22 14:00:00', '2017-12-22 15:20:00', '7.50', 1, '13270', '34000', '', '', 5),
(13, '2017-12-29 14:00:00', '2017-12-29 15:20:00', '7.50', 1, '13270', '34000', '', '', 5),
(14, '2017-12-25 14:00:00', '2017-12-25 15:40:00', '8.50', 1, '34000', '13270', '', '', 5);
DELIMITER $$
CREATE TRIGGER `RIDE_I` BEFORE INSERT ON `RIDE` FOR EACH ROW BEGIN

    IF NEW.PRICE <= 0 THEN
      SIGNAL SQLSTATE '45000' SET MESSAGE_TEXT = 'RIDE PRICE MUST BE STRICTLY POSITIVE.';
    END IF;
    IF NEW.ARRIVAL_DATE <= NEW.START_DATE THEN
      SIGNAL SQLSTATE '45001' SET MESSAGE_TEXT = 'START_DATE MUST BE BEFORE ARRIVAL_DATE';
    END IF;

    IF (SELECT COUNT(*)=0
        FROM MODELRIDE
        WHERE START=NEW.START_CITY
        AND ARRIVAL=NEW.ARRIVAL_CITY) THEN
      INSERT INTO MODELRIDE (START, ARRIVAL)
      VALUES (NEW.START_CITY, NEW.ARRIVAL_CITY);
    END IF;
END
$$
DELIMITER ;
DELIMITER $$
CREATE TRIGGER `RIDE_U` BEFORE UPDATE ON `RIDE` FOR EACH ROW BEGIN

    IF NEW.PRICE <= 0 THEN
      SIGNAL SQLSTATE '45000' SET MESSAGE_TEXT = 'RIDE PRICE MUST BE STRICTLY POSITIVE.';
    END IF;
    IF NEW.ARRIVAL_DATE <= NEW.START_DATE THEN
      SIGNAL SQLSTATE '45001' SET MESSAGE_TEXT = 'START_DATE MUST BE BEFORE ARRIVAL_DATE';
    END IF;
END
$$
DELIMITER ;

CREATE TABLE `TRAVELS_IN` (
  `USER_ID` varchar(254) NOT NULL,
  `RIDE_ID` int(11) NOT NULL,
  `TYPE` varchar(10) DEFAULT NULL,
  `SEAT_NUMBER` int(11) DEFAULT '1'
) ENGINE=InnoDB DEFAULT CHARSET=latin1;

INSERT INTO `TRAVELS_IN` (`USER_ID`, `RIDE_ID`, `TYPE`, `SEAT_NUMBER`) VALUES
('amandine@mail.com', 8, 'PASSENGER', 2),
('amandine@mail.com', 12, 'DRIVER', 1),
('amandine@mail.com', 13, 'DRIVER', 1),
('amandine@mail.com', 14, 'DRIVER', 1),
('julie@mail.com', 8, 'DRIVER', 1),
('julie@mail.com', 9, 'DRIVER', 1),
('julie@mail.com', 10, 'DRIVER', 1),
('julie@mail.com', 11, 'DRIVER', 1),
('julien@mail.com', 5, 'DRIVER', 1),
('julien@mail.com', 6, 'DRIVER', 1),
('julien@mail.com', 7, 'DRIVER', 1),
('maelle@mail.com', 3, 'DRIVER', 1),
('maelle@mail.com', 4, 'DRIVER', 1),
('thomas@mail.com', 1, 'DRIVER', 1),
('thomas@mail.com', 2, 'DRIVER', 1);
DELIMITER $$
CREATE TRIGGER `TRAVELS_D` AFTER DELETE ON `TRAVELS_IN` FOR EACH ROW BEGIN
    CALL SEAT_MANAGER(0-OLD.SEAT_NUMBER, OLD.RIDE_ID, OLD.USER_ID, OLD.TYPE);
END
$$
DELIMITER ;
DELIMITER $$
CREATE TRIGGER `TRAVELS_I` BEFORE INSERT ON `TRAVELS_IN` FOR EACH ROW BEGIN

    IF NEW.TYPE NOT IN ('DRIVER', 'PASSENGER') THEN
      SIGNAL SQLSTATE '45000' SET MESSAGE_TEXT = 'TRAVELS_IN ROLE MUST BE \'DRIVER\' OR \'PASSENGER\'';
    END IF;

    CALL RIDE_RESERVATION_VERIF(NEW.USER_ID, NEW.RIDE_ID);
    CALL SEAT_MANAGER(NEW.SEAT_NUMBER, NEW.RIDE_ID, NEW.USER_ID, NEW.TYPE);
END
$$
DELIMITER ;
DELIMITER $$
CREATE TRIGGER `TRAVELS_I_A` AFTER INSERT ON `TRAVELS_IN` FOR EACH ROW BEGIN
    CALL GIVE_CONTACT_TO (NEW.USER_ID, NEW.RIDE_ID, NEW.TYPE);
END
$$
DELIMITER ;
DELIMITER $$
CREATE TRIGGER `TRAVELS_U` BEFORE UPDATE ON `TRAVELS_IN` FOR EACH ROW BEGIN

    IF NEW.TYPE NOT IN ('DRIVER', 'PASSENGER') THEN
      SIGNAL SQLSTATE '45000' SET MESSAGE_TEXT = 'TRAVELS_IN ROLE MUST BE \'DRIVER\' OR \'PASSENGER\'';
    END IF;

    CALL SEAT_MANAGER(NEW.SEAT_NUMBER-OLD.SEAT_NUMBER, NEW.RIDE_ID, NEW.USER_ID, NEW.TYPE);
END
$$
DELIMITER ;

CREATE TABLE `USER` (
  `EMAIL` varchar(254) NOT NULL,
  `SURNAME` varchar(20) NOT NULL,
  `PASSWORD` varchar(32) NOT NULL,
  `BIRTHDATE` date NOT NULL,
  `NAME` varchar(20) DEFAULT NULL,
  `ADDRESS` varchar(200) DEFAULT NULL,
  `PHONE` varchar(10) NOT NULL,
  `ROLE` varchar(6) NOT NULL,
  `BAN_ID` int(11) DEFAULT NULL,
  `GENDER` varchar(1) NOT NULL
) ENGINE=InnoDB DEFAULT CHARSET=latin1;

INSERT INTO `USER` (`EMAIL`, `SURNAME`, `PASSWORD`, `BIRTHDATE`, `NAME`, `ADDRESS`, `PHONE`, `ROLE`, `BAN_ID`, `GENDER`) VALUES
('amandine@mail.com', 'Paillard', 'aa36dc6e81e2ac7ad03e12fedcb6a2c0', '1997-02-02', 'Amandine', '', '0601020304', 'MEMBER', NULL, 'F'),
('christelle@mail.com', 'Lallemand', 'aa36dc6e81e2ac7ad03e12fedcb6a2c0', '1972-11-27', 'Christelle', '', '0633445566', 'MEMBER', NULL, 'F'),
('coroad@mail.com', 'CoRoad', 'aa36dc6e81e2ac7ad03e12fedcb6a2c0', '1980-01-05', 'Jean', '', '0678910111', 'ADMIN', NULL, 'M'),
('cynthia@mail.com', 'Cheillan', 'aa36dc6e81e2ac7ad03e12fedcb6a2c0', '1999-05-21', 'Cynthia', '', '0644556677', 'MEMBER', NULL, 'F'),
('felix@mail.com', 'Costa', 'aa36dc6e81e2ac7ad03e12fedcb6a2c0', '1997-07-25', 'Félix', '', '0602030405', 'MEMBER', NULL, 'M'),
('julie@mail.com', 'Cailler', 'aa36dc6e81e2ac7ad03e12fedcb6a2c0', '1997-07-04', 'Julie', '', '0666778899', 'MEMBER', NULL, 'F'),
('julien@mail.com', 'Lesinski', 'aa36dc6e81e2ac7ad03e12fedcb6a2c0', '1997-06-09', 'Julien', '', '0611223344', 'MEMBER', NULL, 'M'),
('maelle@mail.com', 'Beuret', 'aa36dc6e81e2ac7ad03e12fedcb6a2c0', '1997-09-05', 'Maëlle', '', '0600112233', 'MEMBER', NULL, 'F'),
('thomas@mail.com', 'Georges', 'aa36dc6e81e2ac7ad03e12fedcb6a2c0', '1997-01-01', 'Thomas', '', '0622334455', 'MEMBER', NULL, 'M'),
('vincent@mail.com', 'Collela', 'aa36dc6e81e2ac7ad03e12fedcb6a2c0', '1994-10-04', 'Vincent', '', '0655667788', 'MEMBER', NULL, 'M');
DELIMITER $$
CREATE TRIGGER `USER_I` BEFORE INSERT ON `USER` FOR EACH ROW BEGIN

    IF NEW.GENDER NOT IN ('M', 'F') THEN
      SIGNAL SQLSTATE '45000' SET MESSAGE_TEXT = 'USER GENDER MUST BE \'M\' OR \'F\'.';
    END IF;
    IF NEW.ROLE NOT IN ('GUEST', 'MEMBER', 'ADMIN') THEN
      SIGNAL SQLSTATE '45000' SET MESSAGE_TEXT = 'USER ROLE MUST BE \'GUEST\', \'MEMBER\' OR \'ADMIN\'.';
    END IF;
    IF NEW.EMAIL NOT RLIKE '.+@.+..+' THEN
      SIGNAL SQLSTATE '45000' SET MESSAGE_TEXT = 'USER EMAIL MUST BE LIKE 'SOMETHING@HOST.DOMAIN'';
    END IF;
    IF NEW.PHONE NOT RLIKE '[0-9]{10}' THEN
      SIGNAL SQLSTATE '45000' SET MESSAGE_TEXT = 'USER PHONE MUST BE 10 NUMBERS';
    END IF;
END
$$
DELIMITER ;
DELIMITER $$
CREATE TRIGGER `USER_U` BEFORE UPDATE ON `USER` FOR EACH ROW BEGIN

    IF NEW.GENDER NOT IN ('M', 'F') THEN
      SIGNAL SQLSTATE '45000' SET MESSAGE_TEXT = 'USER GENDER MUST BE \'M\' OR \'F\'.';
    END IF;
    IF NEW.ROLE NOT IN ('GUEST', 'MEMBER', 'ADMIN') THEN
      SIGNAL SQLSTATE '45000' SET MESSAGE_TEXT = 'USER ROLE MUST BE \'GUEST\', \'MEMBER\' OR \'ADMIN\'.';
    END IF;
    IF NEW.EMAIL NOT RLIKE '.+@.+..+' THEN
      SIGNAL SQLSTATE '45000' SET MESSAGE_TEXT = 'USER EMAIL MUST BE LIKE 'SOMETHING@HOST.DOMAIN'';
    END IF;
    IF NEW.PHONE NOT RLIKE '[0-9]{10}' THEN
      SIGNAL SQLSTATE '45000' SET MESSAGE_TEXT = 'USER PHONE MUST BE 10 NUMBERS';
    END IF;
END
$$
DELIMITER ;

CREATE TABLE `VEHICLE` (
  `ID` int(11) NOT NULL,
  `USER_ID` varchar(254) DEFAULT NULL,
  `MAKE` varchar(20) DEFAULT NULL,
  `COLOR` varchar(20) DEFAULT NULL
) ENGINE=InnoDB DEFAULT CHARSET=latin1;

INSERT INTO `VEHICLE` (`ID`, `USER_ID`, `MAKE`, `COLOR`) VALUES
(1, 'thomas@mail.com', 'Fiat Panda', 'Verte'),
(2, 'maelle@mail.com', 'Fiat 500', 'Rouge'),
(3, 'julien@mail.com', 'Peugeot 206', 'Grise'),
(4, 'julie@mail.com', 'Twingo', 'Blanche'),
(5, 'amandine@mail.com', '4x4', 'Gris');


ALTER TABLE `BAN`
  ADD PRIMARY KEY (`ID`);

ALTER TABLE `CITY`
  ADD PRIMARY KEY (`POST_CODE`);

ALTER TABLE `MODELRIDE`
  ADD PRIMARY KEY (`START`,`ARRIVAL`),
  ADD KEY `MR_ARRIVAL_FK` (`ARRIVAL`);

ALTER TABLE `NEGATIVE_USER`
  ADD PRIMARY KEY (`USER_ID`);

ALTER TABLE `NOTIFICATION`
  ADD PRIMARY KEY (`ID`);

ALTER TABLE `NOTIF_ADDRESSEE`
  ADD PRIMARY KEY (`USER_ID`,`NOTIF_ID`),
  ADD KEY `NA_NOTIFID_FK` (`NOTIF_ID`);

ALTER TABLE `OPINION`
  ADD PRIMARY KEY (`ID`),
  ADD KEY `O_AUTHOR_FK` (`AUTHOR`),
  ADD KEY `O_USERID_FK` (`USER_ID`),
  ADD KEY `O_RIDEID_FK` (`RIDE_ID`);

ALTER TABLE `RIDE`
  ADD PRIMARY KEY (`ID`),
  ADD KEY `START_FK` (`START_CITY`),
  ADD KEY `ARRIVAL_FK` (`ARRIVAL_CITY`),
  ADD KEY `VEHICLE_PK` (`VEHICLE`);

ALTER TABLE `TRAVELS_IN`
  ADD PRIMARY KEY (`USER_ID`,`RIDE_ID`),
  ADD KEY `TI_RIDEID_FK` (`RIDE_ID`);

ALTER TABLE `USER`
  ADD PRIMARY KEY (`EMAIL`),
  ADD KEY `BANIDFK` (`BAN_ID`);

ALTER TABLE `VEHICLE`
  ADD PRIMARY KEY (`ID`),
  ADD KEY `V_USERID_FK` (`USER_ID`);


ALTER TABLE `BAN`
  MODIFY `ID` int(11) NOT NULL AUTO_INCREMENT;
ALTER TABLE `NOTIFICATION`
  MODIFY `ID` int(11) NOT NULL AUTO_INCREMENT, AUTO_INCREMENT=3;
ALTER TABLE `OPINION`
  MODIFY `ID` int(11) NOT NULL AUTO_INCREMENT, AUTO_INCREMENT=2;
ALTER TABLE `RIDE`
  MODIFY `ID` int(11) NOT NULL AUTO_INCREMENT, AUTO_INCREMENT=15;
ALTER TABLE `VEHICLE`
  MODIFY `ID` int(11) NOT NULL AUTO_INCREMENT, AUTO_INCREMENT=6;

ALTER TABLE `MODELRIDE`
  ADD CONSTRAINT `MR_ARRIVAL_FK` FOREIGN KEY (`ARRIVAL`) REFERENCES `CITY` (`POST_CODE`),
  ADD CONSTRAINT `MR_START_FK` FOREIGN KEY (`START`) REFERENCES `CITY` (`POST_CODE`);

ALTER TABLE `NEGATIVE_USER`
  ADD CONSTRAINT `NU_USERID_FK` FOREIGN KEY (`USER_ID`) REFERENCES `USER` (`EMAIL`) ON DELETE CASCADE;

ALTER TABLE `NOTIF_ADDRESSEE`
  ADD CONSTRAINT `NA_NOTIFID_FK` FOREIGN KEY (`NOTIF_ID`) REFERENCES `NOTIFICATION` (`ID`) ON DELETE CASCADE,
  ADD CONSTRAINT `NA_USERID_FK` FOREIGN KEY (`USER_ID`) REFERENCES `USER` (`EMAIL`) ON DELETE CASCADE;

ALTER TABLE `OPINION`
  ADD CONSTRAINT `O_AUTHOR_FK` FOREIGN KEY (`AUTHOR`) REFERENCES `USER` (`EMAIL`),
  ADD CONSTRAINT `O_RIDEID_FK` FOREIGN KEY (`RIDE_ID`) REFERENCES `RIDE` (`ID`) ON DELETE SET NULL,
  ADD CONSTRAINT `O_USERID_FK` FOREIGN KEY (`USER_ID`) REFERENCES `USER` (`EMAIL`) ON DELETE CASCADE;

ALTER TABLE `RIDE`
  ADD CONSTRAINT `ARRIVAL_FK` FOREIGN KEY (`ARRIVAL_CITY`) REFERENCES `CITY` (`POST_CODE`),
  ADD CONSTRAINT `START_FK` FOREIGN KEY (`START_CITY`) REFERENCES `CITY` (`POST_CODE`),
  ADD CONSTRAINT `VEHICLE_PK` FOREIGN KEY (`VEHICLE`) REFERENCES `VEHICLE` (`ID`);

ALTER TABLE `TRAVELS_IN`
  ADD CONSTRAINT `TI_RIDEID_FK` FOREIGN KEY (`RIDE_ID`) REFERENCES `RIDE` (`ID`) ON DELETE CASCADE,
  ADD CONSTRAINT `TI_USERID_FK` FOREIGN KEY (`USER_ID`) REFERENCES `USER` (`EMAIL`);

ALTER TABLE `USER`
  ADD CONSTRAINT `BANIDFK` FOREIGN KEY (`BAN_ID`) REFERENCES `BAN` (`ID`) ON DELETE SET NULL;

ALTER TABLE `VEHICLE`
  ADD CONSTRAINT `V_USERID_FK` FOREIGN KEY (`USER_ID`) REFERENCES `USER` (`EMAIL`) ON DELETE CASCADE;

/*!40101 SET CHARACTER_SET_CLIENT=@OLD_CHARACTER_SET_CLIENT */;
/*!40101 SET CHARACTER_SET_RESULTS=@OLD_CHARACTER_SET_RESULTS */;
/*!40101 SET COLLATION_CONNECTION=@OLD_COLLATION_CONNECTION */;

SET lc_time_names = 'fr_FR';
